Authors,Title,Publication,Volume,Number,Pages,Year,Publisher
"Pu, Yuchun; Feng, Zhenghui; Wang, Zhonglei; Yang, Zhenyu; Li, Jianping; ",Anomaly detection for in situ marine plankton images,2021 IEEE/CVF International Conference on Computer Vision Workshops (ICCVW),,,3654-3664,2021,IEEE
"Bilík, Šimon; ",Anomaly detection for the visual inspection of industrial and biological data,,,,,2024,Lappeenranta-Lahti University of Technology LUT
"Zaza, Siphendulwe; Atemkeng, Marcellin; Murray, Taryn S; Filmalter, John David; Cowley, Paul D; ",Unsupervised anomaly detection in large-scale estuarine acoustic telemetry data,arXiv preprint arXiv:2502.01543,,,,2025,
"Beyan, Cigdem; ",Detection of unusual fish trajectories from underwater videos,,,,,2015,University of Edinburgh
"Gao, Saiyu; Song, Miaomiao; Hu, Wei; Li, Wenqing; Zheng, Shanshan; Zhuo, Lei; Liu, Ru; Huang, Jiuzhang; Song, Haihui; Cheng, Kaiyu; ",Research on anomaly detection of offshore buoy water temperature data based on LSTM-DAE model,"2023 5th International Conference on Robotics, Intelligent Control and Artificial Intelligence (RICAI)",,,858-863,2023,IEEE
"Bilik, Simon; Batrakhanov, Daniel; Eerola, Tuomas; Haraguchi, Lumi; Kraft, Kaisa; Van den Wyngaert, Silke; Kangas, Jonna; Sjöqvist, Conny; Madsen, Karin; Lensu, Lasse; ",Toward phytoplankton parasite detection using autoencoders: S. Bilik et al.,Machine Vision and Applications,34,6,101,2023,Springer Berlin Heidelberg Berlin/Heidelberg
"Salazar González, Fernando; ",A machine learning based methodology for anomaly detection in dam behaviour,,,,,2017,Universitat Politècnica de Catalunya
"González, Fernando Salazar; de Navarra, Eugenio Onate Ibánez; Municio, MiguelAngel Toledo; ",A machine learning based methodology for anomaly detection in dam behaviour.,,,,,2017,"Polytechnic University of Catalonia, Spain"
"Zhao, Song; Lv, Yali; Zhao, Xiaobin; Wang, Jiayao; Li, Wei; Lv, Ming; ",Coastline target detection based on UAV hyperspectral remote sensing images,Frontiers in Marine Science,11,,1452737,2024,Frontiers Media SA
"Bornman, Eugin; Gennari, Enrico; Murray, Taryn; Hammerschlag, Niel; ",Smooth-hound shark Mustelus mustelus movements dictated by context: higher residency in South African Marine Protected Areas,"Fish, fishers and the future",,,29,2024,
"Aruna, SK; Deepa, N; Devi, T; ",Underwater fish identification in real-time using convolutional neural network,2023 7th International Conference on Intelligent Computing and Control Systems (ICICCS),,,586-591,2023,IEEE
"Kareinen, Joona; Skyttä, Annaliina; Eerola, Tuomas; Kraft, Kaisa; Lensu, Lasse; Suikkanen, Sanna; Lehtiniemi, Maiju; Kälviäinen, Heikki; ",Open-set plankton recognition,European Conference on Computer Vision,,,168-184,2024,Springer Nature Switzerland Cham
"Shutler, Jamie D; Davidson, Keith; Miller, Peter I; Swan, Sarah C; Grant, Michael G; Bresnan, Eileen; ",An adaptive approach to detect high-biomass algal blooms from EO chlorophyll-a data in support of harmful algal bloom monitoring,Remote Sensing Letters,3,2,101-110,2012,Taylor & Francis
"Mishra, Spandan; Saiganesh, Pranaav; Ebenezer, Sam; Chaudhari, Labhesh; ",Novel Design of Helical Storage and Planting Mechanism for Coral Reef Restoration Using Opto-Acoustic and Image Processing Methods,2024 12th RSI International Conference on Robotics and Mechatronics (ICRoM),,,095-100,2024,IEEE
"Walker, Joseph L; Orenstein, Eric C; ",Improving rare-class recognition of marine plankton with hard negative mining,2021 IEEE/CVF International Conference on Computer Vision Workshops (ICCVW),,,3665-3675,2021,IEEE
"Lanjun, Sun; Zhijian, Liu; Xiongfei, Meng; Yanchao, Zhang; Shuhan, Huang; Le, Li; Lin, Wang; ",Rapid identification of marine microplastics by laser-induced fluorescence technique based on PCA combined with SVM and KNN algorithm,Environmental Research,269,,120947,2025,Elsevier
"Potapov, Nikolai; ",Applying Neural Networks to Predict Factors Affecting Harmful Algal Blooms for Timely Alerting and Implementing Preventive Measures in Ireland's Marine Ecosystem.,,,,,2024,
"Wang, Jung-Hua; Hsu, Te-Hua; Lai, Yi-Chung; Peng, Yan-Tsung; Chen, Zhen-Yao; Lin, Ying-Ren; Huang, Chang-Wen; Chiang, Chung-Ping; ",Anomalous behavior recognition of underwater creatures using lite 3D full-convolution network,Scientific Reports,13,1,20051,2023,Nature Publishing Group UK London
"Jain, Sparsh; Verma, Sshubam; Balasubramanian, S; Subramaniam, M Sai; Sriram, T Sai; Sai, M Pranav Phanindra; Raj, Chandan; Yadav, Amandeep; ",DePondFi'23 Challenge Summary,"Computer Vision, Pattern Recognition, Image Processing, and Graphics: Proceedings of the 8th National Conference, NCVPRIPG 2023",,,155,2025,Springer Nature
"Mustapha, Umar Farouk; Alhassan, Abdul‐Wadud; Jiang, Dong‐Neng; Li, Guang‐Li; ","Sustainable aquaculture development: a review on the roles of cloud computing, internet of things and artificial intelligence (CIA)",Reviews in Aquaculture,13,4,2076-2091,2021,Wiley Online Library
"Veenstra, Timothy S; Churnside, James H; ",Airborne sensors for detecting large marine debris at sea,Marine pollution bulletin,65,1-3,63-68,2012,Elsevier
"Beyan, Cigdem; Katsageorgiou, Vasiliki‐Maria; Fisher, Robert B; ",Extracting statistically significant behaviour from fish tracking data with and without large dataset cleaning,IET Computer Vision,12,2,162-170,2018,The Institution of Engineering and Technology
"Madhubhashini, ETS; ",Smart solutions for mitigating climate change impacts on coastal waters and resources in Sri Lanka,YSF Thematic Publication,191,,,2024,
"Alfano, Paolo Didier; Rando, Marco; Letizia, Marco; Odone, Francesca; Rosasco, Lorenzo; Pastore, Vito Paolo; ",Efficient unsupervised learning for plankton images,2022 26th International Conference on Pattern Recognition (ICPR),,,1314-1321,2022,IEEE
"Mostowy, Jason William; ",Distribution of Demersal Fishes on Unconsolidated Bottom Habitat of the Northern Gulf of Mexico,,,,,2020,
"Sasithradevi, A; Suganya, R; Prakash, P; Roomi, S Mohamed Mansoor; Vijayalakshmi, M; Nathan, Sabari; Kasthuri, P; Persia, J; Ebenezer, L Brighty; Jain, Sparsh; ",DePondFi’23 Challenge Summary,"National Conference on Computer Vision, Pattern Recognition, Image Processing, and Graphics",,,155-164,2023,Springer
"Ward, Eric J; Oken, Kiva L; Rose, Kenneth A; Sable, Shaye; Watkins, Katherine; Holmes, Elizabeth E; Scheuerell, Mark D; ",Applying spatiotemporal models to monitoring data to quantify fish population responses to the Deepwater Horizon oil spill in the Gulf of Mexico,Environmental monitoring and assessment,190,9,530,2018,Springer International Publishing Cham
"Choudhury, Biswaraj; Chakraborty, Kunal; Singha, U Poirainganba; Kuri, Debojyoti; Handique, Mousum; Sharma, Neha; ",Study of sea surface temperature prediction and oceanographic exploration using deep learning,TENCON 2023-2023 IEEE Region 10 Conference (TENCON),,,495-500,2023,IEEE
"Szyrowski, Tomasz; Sharma, Sanjay K; Sutton, Robert; Kennedy, Gareth A; ",Developments in subsea power and telecommunication cables detection: Part 2-Electromagnetic detection.,Underwater Technology,31,3,133,2013,
"Kitts, Christopher; Quinn, Neil; Ota, Jeffrey; Stang, Pascal; Palmintier, Bryan; ",Development and teleoperation of robotic vehicles,"2nd AIAA"" Unmanned Unlimited"" Conf. and Workshop & Exhibit",,,6581,2003,
"McCammon, Seth; Formel, Nathan; Jarriel, Sierra; Mooney, T Aran; ",Rapid detection of fish calls within diverse coral reef soundscapes using a convolutional neural network,The Journal of the Acoustical Society of America,157,3,1665-1683,2025,AIP Publishing
"Thessen, Anne E; ",Adoption of machine learning techniques in ecology and earth science,One Ecosystem,1,,e8621,2016,Pensoft Publishers
"Jamal, Eng Muhammad RAA; Aldhafeeri, Eng Abdulaziz SAN; Alqattan, Humoud; ",Preventing Jellyfish Attacks on Electrical Power Plants in Kuwait: An Innovative Solution,,,,,,
"Zurowietz, Martin; Langenkämper, Daniel; Hosking, Brett; Ruhl, Henry A; Nattkemper, Tim W; ",MAIA—A machine learning assisted image annotation method for environmental monitoring and exploration,PloS one,13,11,e0207498,2018,"Public Library of Science San Francisco, CA USA"
"Hammond, Matthew Lee; Jebri, Fatma; Srokosz, Meric; Popova, Ekaterina; ",Automated detection of coastal upwelling in the Western Indian Ocean: Towards an operational “Upwelling Watch” system,Frontiers in Marine Science,9,,950733,2022,Frontiers Media SA
"Heumann, Alexandre; Margirier, Félix; Rinnert, Emmanuel; Lherminier, Pascale; Scalabrin, Carla; Géli, Louis; Pasqueron de Fommervault, Orens; Béguery, Laurent; ",A 30-month data set of glider physico-chemical data off Mayotte Island near the Fani Maoré volcano,Earth System Science Data,17,9,4535-4554,2025,"Copernicus Publications Göttingen, Germany"
"Salvesen, Eivind; Saad, Aya; Stahl, Annette; ",Robust methods of unsupervised clustering to discover new planktonic species in-situ,Global Oceans 2020: Singapore–US Gulf Coast,,,1-9,2020,IEEE
"Ladds, Monique A; Sibanda, Nokuthaba; Arnold, Richard; Dunn, Matthew R; ",Creating functional groups of marine fish from categorical traits,PeerJ,6,,e5795,2018,PeerJ Inc.
"Stock, Andy; Subramaniam, Ajit; ",Iterative spatial leave-one-out cross-validation and gap-filling based data augmentation for supervised learning applications in marine remote sensing,GIScience & Remote Sensing,59,1,1281-1300,2022,Taylor & Francis
"Kutser, Tiit; ",Passive optical remote sensing of cyanobacteria and other intense phytoplankton blooms in coastal and inland waters,International Journal of Remote Sensing,30,17,4401-4425,2009,Taylor & Francis
"Shah, Chiranjibi; Nabi, MM; Alaba, Simegnew Yihunie; Ebu, Iffat Ara; Prior, Jack; Campbell, Matthew D; Caillouet, Ryan; Grossi, Matthew D; Rowell, Timothy; Wallace, Farron; ",Yolov8-tf: Transformer-enhanced yolov8 for underwater fish species recognition with class imbalance handling,Sensors,25,6,1846,2025,MDPI
"Summers, Natalie; Johnsen, Geir; Mogstad, Aksel; Løvås, Håvard; Fragoso, Glaucia; Berge, Jørgen; ",Underwater hyperspectral imaging of Arctic macroalgal habitats during the polar night using a novel mini-ROV-UHI portable system,Remote sensing,14,6,1325,2022,MDPI
"Chen, Jianqu; Li, Xunmeng; Wang, Kai; Zhang, Shouyu; Li, Jun; Sun, Mingbo; ",Assessment of intertidal seaweed biomass based on RGB imagery,Plos one,17,2,e0263416,2022,"Public Library of Science San Francisco, CA USA"
"Breebaart, Amy; Nijland, Wiebe; Addink, Elisabeth; ",Modelling the seasonal distribution of macrozoobenthos in intertidal areas of the Dtuch Wadden Sea using novel rmeote sensing and deep learning methods,,,,,2023,Utrecht University
"Plonus, Rene-Marcel; ",Multi-dimensional characterization of pelagic habitats and the potential to detect ecological niches in a highly dynamic ecosystem,,,,,2023,Universitaet Hamburg (Germany)
"Wang, Yazhou; Chen, Yimin; Gao, Jian; Yu, Yang; Wang, Jiarun; ",A fault diagnosis method for AUVs based on meta-self-attentive variable-scale CNN,International conference on autonomous unmanned systems,,,293-303,2023,Springer Nature Singapore Singapore
"Kareinen, Joona; ",Open-set plankton detection,,,,,2024,
"Hu, Wenjie; Yang, Xuewen; Wang, Nan; Zhang, Xing; Cui, Yanni; Yu, Jia; Zheng, Haiyong; Zheng, Bing; ",Multi-object reconstruction of plankton digital holograms,Multimedia Tools and Applications,83,17,51321-51335,2024,Springer
"Roe, Sebastian; Price, Amina; Rees, Matt; Tout-Lyon, Jessica; ",Baiting and citizen science: A comparative study of BRUVs and eDNA surveys throughout estuaries in New South Wales.,11th Indo-Pacific Fish Conference and Annual Conference of the Australian Society for Fish Biology,,,,2023,
"Marrone, Alessio; Mangano, Maria Cristina; Deidun, Alan; Berlino, Manuel; Sarà, Gianluca; ",Effects of habitat fragmentation of a Mediterranean marine reef on the associated fish community: Insights from biological traits analysis,Journal of Marine Science and Engineering,11,10,1957,2023,MDPI
"Pertain, Bethany; ",BENTHIC HABITAT MAPPING OF MOUNTAIN TOP BANK WITHIN THE NORTHERN GULF OF MEXICO THROUGH INTEGRATED GEOPHYSICAL AND VISUAL DATA ANALYSIS,,,,,2023,
"Grekov, AN; Grekov, NA; Kuzmin, KA; Peliushenko, SS; ",Increasing the selectivity of the early notification biosensor system under influence of acoustic vibration,arXiv preprint arXiv:2312.06263,,,,2023,
"Gracia Moisés, Ander; Vitoria Pascual, Ignacio; Imas González, José Javier; Ruiz Zamarreño, Carlos; ",Data augmentation techniques for machine learning applied to optical spectroscopy datasets in agrifood applications: A comprehensive review,Sensors,23,20,8562,2023,MDPI
"San Soucie, John Edward; ",Inference and Robotic Path Planning over High Dimensional Categorical Observations,,,,,2024,Massachusetts Institute of Technology
"Zhao, Zhenxi; Yang, Xinting; Liu, Jintao; Zhou, Chao; Zhao, Chunjiang; ",GCVC: Graph convolution vector distribution calibration for fish group activity recognition,IEEE Transactions on Multimedia,26,,1776-1789,2023,IEEE
"Scannell, Hillary A; ",Seas in Hot Water: Marine Heatwaves on the Move; Following the Heat,,,,,2020,University of Washington
"Zhang, Mengmeng; Zhao, Yuyang; Chen, Rongjie; Gao, Yunhao; Li, Zhengmao; Li, Wei; ",Remote sensing collaborative classification using multimodal adaptive modulation network,IEEE Transactions on Geoscience and Remote Sensing,62,,1-12,2024,IEEE
"Gao, Yunhao; Song, Xiukai; Li, Wei; Wang, Jianbu; He, Jianlong; Jiang, Xiangyang; Feng, Yinyin; ",Fusion classification of HSI and MSI using a spatial-spectral vision transformer for wetland biodiversity estimation,Remote Sensing,14,4,850,2022,MDPI
"Uusitalo, Laura; ",Bayesian network modelling of complex systems with sparse data: Ecological case studies,,,,,2022,Helsingin yliopisto
"Zaheer, Ruba; Ahmad, Iftekhar; Habibi, Daryoush; Islam, Kazi Yasin; Phung, Quoc Viet; ",A survey on artificial intelligence-based acoustic source identification,IEEE Access,11,,60078-60108,2023,IEEE
"Morgan, Eric J; Lavric, Jost V; Arévalo-Martínez, Damian L; Bange, Hermann W; Steinhoff, Tobias; Seifert, Thomas; Heimann, Martin; ",Air–sea fluxes of greenhouse gases and oxygen in the northern Benguela Current region during upwelling events,Biogeosciences,16,20,4065-4084,2019,"Copernicus Publications Göttingen, Germany"
"Wu, Jiangyan; Zhang, Guanghui; Fan, Yugang; ",LM-CycleGAN: improving underwater image quality through learned perceptual image patch similarity and multi-scale adaptive fusion attention,Sensors,24,23,7425,2024,MDPI
"Blaisdell, Josiah; ",Evaluating the Effects of Multiple Environmental Stressors on the Gulf of Alaska Pacific Cod Fishery Using a Dynamic Stress-Scape Framework,,,,,2020,
"Roy, Amédée; ",Caractérisation et simulation multi-échelle des mouvements d'oiseaux marins tropicaux: une approche par apprentissage profond,,,,,2022,Université de Montpellier
"Mackenzie, Kierin; Pirker, John; ",Towards a spatiotemporal data model for traditional ecological knowledge/Indigenous knowledge,Cartographica: The International Journal for Geographic Information and Geovisualization,55,1,29-41,2020,University of Toronto Press
"Kareinen, Joona; Eerola, Tuomas; Kraft, Kaisa; Lensu, Lasse; Suikkanen, Sanna; Kälviäinen, Heikki; ",Self-supervised pretraining for fine-grained plankton recognition,2025 IEEE/CVF Conference on Computer Vision and Pattern Recognition Workshops (CVPRW),,,2122-2132,2025,IEEE
"MacNeil, Liam; ",COMBINING HIGH-THROUGHPUT IMAGING AND AMPLICON SEQUENCING TO MONITOR EUKARYOTIC PLANKTON,,,,,2021,
"RUBAZAHEER, IFTEKHARAHMAD; HABIBI, DARYOUSH; ISLAM, KAZI YASIN; PHUNG, QUOC VIET; ",A Survey on Artificial Intelligence-Based Acoustic Source Identification,,,,,,
"Osycka, Líam; Buccella, Agustina; Cechich, Alejandra; ",Data variety modeling: A case of contextual diversity identification from a bottom-up perspective,Argentine Congress of Computer Science,,,124-138,2021,Springer
"Ingle, Sumit Dilip; ",Monitoring and modeling approaches for evaluating managed aquifer recharge (MAR) performance.,,,,,2024,
"Cechich, Alejandra; Buccella, Agustina; Villegas, Carolina; Montenegro, Ayelén; Muñoz, Angel; Rodríguez, Andrea; ",A model of reusable assets in AIE software systems,Journal of Computer Science & Technology,23,,,2023,
"Buccella, Agustina; Cechich, Alejandra; Villegas, Carolina; Montenegro, Ayelén; Muñoz, Angel; Rodriguez, Andrea; ",A Model of Reusable Assets in AIE Software Systems,Journal of Computer Science and Technology,23,2,e13-e13,2023,
"Laney, Christine Marie; ",Toward new data and information management solutions for data-intensive ecological research,,,,,2013,The University of Texas at El Paso
"Jahan, Faria; ",Carbon sequestration in coastal ecosystems: A review of modeling techniques and applications,Available at SSRN 5139795,,,,2024,
"Osycka, Líam; Buccella, Agustina; Cechich, Alejandra; ",Data Variety Modeling: A Case of Contextual Diversity Identification,"Computer Science–CACIC 2021: 27th Argentine Congress, CACIC 2021, Salta, Argentina, October 4–8, 2021, Revised Selected Papers",,,124,2022,Springer Nature
"Montes, Juan; Del Río, Laura; Plomaritis, Theocharis A; Benavente, Javier; Puig, Maria; Simarro, Gonzalo; ",Video-monitoring tools for assessing beach morphodynamics in tidal beaches,Remote Sensing,15,10,2650,2023,MDPI
"Tout-Lyon, Jessica; Ajani, Penelope; Baumgartner, Lee; Duncan, Meaghan; Furlan, Elise; Humphries, Paul; Jeffries, Peta; Knott, Nathan; Leck, Jessica; Lungu, Ryan; ","Using eDNA to assess how estuarine fish communities respond to consecutive extreme events of drought, bushfire, and flood",11th Indo-Pacific Fish Conference and Annual Conference of the Australian Society for Fish Biology,,,,2023,
"Setioko, Wita; Saputra, Suradi W; Wijayanto, Dian; Sabdaningsih, Aninditia; ",Market dynamics of blue swimming crab exports to the United States of America: A comparative analysis with red and Venezuelan crab price trend (2018-2022),"Aquaculture, Aquarium, Conservation & Legislation",17,6,2934-2942,2024,Bioflux SRL
"Mohammed, Maadh Rajaa; Sagheer, Ali Makki; ",Employing a convolutional neural network to classify sleep stages from EEG signals using feature reduction techniques,Algorithms,17,6,229,2024,MDPI
"Liu, Haodong; Wu, Qian; ",Evolutionary game analysis on technological innovation strategies of marine ranching enterprises considering government’s incentive policies and consumer preferences,Frontiers in Marine Science,11,,1470846,2024,Frontiers Media SA
"Bygate, Meghan; ",Mapping oyster habitat quality in Matagorda Bay through remote sensing-derived water quality datasets,,,,,2024,Texas A&M University-Corpus Christi
"Huang, Shuan-Yu; Mukundan, Arvind; Tsao, Yu-Ming; Kim, Youngjo; Lin, Fen-Chi; Wang, Hsiang-Chen; ","Recent advances in counterfeit art, document, photo, hologram, and currency detection using hyperspectral imaging",Sensors,22,19,7308,2022,MDPI
"Hager, Lori; Partee, Robert; ",Data Stewardship Maturity Report for Water Column Sonar Data,,,,,2021,
"Malthus, Timothy J; Nelli, Filippo; Taheriashtiani, Negar; Vanrolleghem, Peter A; Crosbie, Nicolas D; Zamyadi, Arash; ",Empowering water utilities: Crafting an end-user-friendly reliability ranking for evaluating satellite remote sensing advances through literature insights,Water Quality Research Journal,60,1,38-59,2025,IWA Publishing
"Ekstrøm, Claus Thorn; Sørensen, Helle; ",Short Book Reviews,International Statistical Review,80,1,176-204,2012,
"Shmuel, Assaf; Heifetz, Eyal; ",Re-examining the assumption of dominant regional wind and fire spread directions,International journal of wildland fire,31,5,480-491,2022,CSIRO Publishing
"Khan, Asad Ullah; ",Metagenomic analysis of spring and stream waters in the Chesapeake and Ohio Canal National Historical Park,,,,,2015,Temple University
"Abdullajintakam, Sajjad; ",Impact of subsurface methane transport on shallow marine sediment geochemistry,,,,,2020,Texas A&M University-Corpus Christi
"Sulaiman, Sazan Kamal; Jghef, Yousif Sufyan; Abdullah, Abdulqadir Ismail; Ahmed, Saadaldeen Rashid; ",Statistical data mining methods in predicting happiness and habits,ITM Web of Conferences,64,,01019,2024,EDP Sciences
"Smith, Jaclyn; ",Dynamics of Phytoplankton Populations in Irrigation Ponds,,,,,2022,"University of Maryland, College Park"
"Guanter, Luis; Kaufmann, Hermann; Förster, Saskia; Brosinsky, Arlena; Wulf, Hendrik; Bochow, M; Boesche, Nina; Brell, Maximilian; Buddenbaum, Henning; Chabrillat, Sabine; ",ENMAP science plan,,,,,2016,GFZ Data Services
"Jamieson, Stewart; How, Jonathan P; Girdhar, Yogesh; ",Active reward learning for co-robotic vision based exploration in bandwidth limited environments,2020 IEEE International Conference on Robotics and Automation (ICRA),,,1806-1812,2020,IEEE
"Namadi, Peyman; He, Minxue; Sandhu, Prabhjot; ",Modeling ion constituents in the Sacramento-San Joaquin Delta using multiple machine learning approaches,Journal of Hydroinformatics,25,6,2541-2560,2023,IWA Publishing
"Ali, Yousaf; Shah, Syed Waqar; Arif, Arsalan; Tlija, Mehdi; Siddiqi, Mudasir Raza; ",Intelligent framework design for quality control in industry 4.0,Applied Sciences,14,17,7726,2024,MDPI
"Ausfeld, Kyle T; ",Tracking of various targets in the infrared and issues encountered,,,,,2012,Rochester Institute of Technology
"Ngoma, Amani Tsongo; Sabbani, Goutham; Weller, Frank; Katie, Biancha; Magena, Charlene; ",Digital Enterprise Transformation,,,,,2024,Cari Journals USA LLC
"Zhao, Xiaolan; Xu, Haoli; Ding, Zhibin; Wang, Daqing; Deng, Zhengdong; Wang, Yi; Wu, Tingfong; Li, Wei; Lu, Zhao; Wang, Guangyuan; ","Comparing deep learning with several typical methods in prediction of assessing chlorophyll-a by remote sensing: A case study in Taihu Lake, China",Water Supply,21,7,3710-3724,2021,IWA Publishing
"Etemad, Mohammad; ",Transportation modes classification using feature engineering,arXiv preprint arXiv:1807.10876,,,,2018,
"Luo, Yongcong; ",Research on the Sentiment Analysis and Evolutionary Mechanism of Sudden Network Public Opinion Based on SNA-ARIMA Model with Text Mining,Journal of Electrical Systems,20,2,1961-1972,2024,
"Zhao, Yanan; ","From coastal waters to the open ocean: Dimethylated sulfur compounds in the SW Baltic Sea, the SE Pacific Ocean, and the SW Indian Ocean",,,,,2022,Christian-Albrechts-Universität zu Kiel
"Osycka, Líam; Cechich, Alejandra; Buccella, Agustina; Montenegro, Ayelén; Muñoz, Angel; ",Covamat: Functionality for variety reuse through a supporting tool,"Conference on Cloud Computing, Big Data & Emerging Topics",,,57-74,2023,Springer
"Sun, Jie; Yang, Jing; Chen, Wang; Ding, Sujie; Li, Shaobo; Hu, Jianjun; ",LCTCS: Low-Cost and Two-Channel Sparse Network for Hyperspectral Image Classification: J. Sun et al.,Neural Processing Letters,56,3,181,2024,Springer US New York
"Yager, Ronald R; Petry, Frederick E; ",Hypermatching: Similarity matching with extreme values,IEEE Transactions on Fuzzy Systems,22,4,949-957,2013,IEEE
"Vieira, Guilherme Salvador; ",Numerical Modeling of Transport by Materially Coherent Vortices in the Ocean,,,,,2021,Northeastern University
"Buccella, Agustina; Cechich, Alejandra; Luzuriaga, Juan Manuel; Osycka, Líam; Villegas, Carolina; Cruz, Marcos; Corgatelli, Franco; Martínez, Rodolfo; Mazalu, Rafaela; Moyano, Marcelo; ",Modelado de variedad de activos de dominio en sistemas big data,"XXIV Workshop de Investigadores en Ciencias de la Computación (WICC 2022, Mendoza)",,,,2022,
"Taqqu, Murad S; Teverovsky, Vadim; Willinger, Walter; ",Estimators for long-range dependence: an empirical study,Fractals,3,04,785-798,1995,World Scientific
"Hassan, N; Woo, Chaw Seng; ",Machine learning application in water quality using satellite data,IOP Conference Series: Earth and Environmental Science,842,1,012018,2021,IOP Publishing
"Eerola, Tuomas; Batrakhanov, Daniel; Barazandeh, Nastaran Vatankhah; Kraft, Kaisa; Haraguchi, Lumi; Lensu, Lasse; Suikkanen, Sanna; Seppälä, Jukka; Tamminen, Timo; Kälviäinen, Heikki; ","Survey of automatic plankton image recognition: challenges, existing solutions and future perspectives",Artificial Intelligence Review,57,5,114,2024,Springer
"Lucas, Miguel Filipe Baptista; ",Clustering Ocean Structures Using ARMOR 3D Data for Marine Pattern Recognition,,,,,2025,Universidade NOVA de Lisboa (Portugal)
"Lopez, Sebastian; ",Computer vision reveals fish behaviour through structural equation modelling of movement patterns,Measuring cross-habitat movements among habitat hotspots of fish with artificial intelligence,,,64,2022,Griffith University
"Nagano, Takanori; Irie, Masayasu; Wells, John C; ",Development of a reliability evaluation system for dissolved oxygen monitoring data using machine learning,Hydrological Research Letters,19,3,142-148,2025,Japan Society of Hydrology and Water Resources (JSHWR)/Japanese Association …
"Pretto, Zoé; Barbraud, Christophe; Monestiez, Pascal; Viricel, Amélia; Gasco, Nicolas; Guinet, Christophe; Lesage, Célia; Tixier, Paul; ",Demographic Insights and Spatial Distribution of the Commerson's Dolphin (Cephalorhynchus commersonii) off the Kerguelen Archipelago (Southern Indian Ocean),Aquatic Mammals,51,3,218-232,2025,Aquatic Mammals
"Liu, Miaomiao; Zhang, Mingkai; ",Role of kmax mapping image annotation method combined with R-tree index in civil engineering supervision,Systems and Soft Computing,7,,200319,2025,Elsevier
"Tambaru, Rahmadi; ",Potentially harmful phytoplankton species in the southern part of west coastal waters of south sulawesi,Agrikan: Jurnal Agribisnis Perikanan,15,2,445-451,2022,Sangia Publishing
"Tina, Fahmida Wazed; Afsarimanesh, Nasrin; Nag, Anindya; Alahi, Md Eshrat E; ",Integrating AIoT technologies in aquaculture: a systematic review,Future Internet,17,5,199,2025,MDPI
"Vandermeulen, Ryan; Lance, Veronica; Otoshi, Clete; Riley, Ken; Tomlinson, Michelle; Trinh, Rebecca; ","Plankton, Aerosol, Cloud and ocean Ecosystem (PACE) satellite data for aquaculture and fisheries management",,,,,2025,
"De Castelbajac, Matthieu; Bringay, Sandra; Sallaberry, Arnaud; Servajean, Maximilien; Epinoux, Clémence; Molinero, Juan Carlos; Bonnet, Delphine; ",Conformal taxonomic validation: A semi-automated validation framework for citizen science records,Ecological Informatics,90,,103290,2025,Elsevier
"Isai, M; Mahalaxmi, Smt Kamireddy; ",Dr. Bassa Satyannarayana,,,,,2025,
"Ihsan, Ihsan; Jamal, Muhammad; Asbar, Asbar; Sadaria, Sadaria; ","Frequency Distribution of Trap Net Catching Devices the Dominant Catched in Beach Water Sigeri District, Pankep Regency",Agrikan: Jurnal Agribisnis Perikanan,14,2,254-263,2021,Sangia Publishing
"Pyo, JongCheol; Hong, Seok Min; Jang, Jiyi; Park, Sanghun; Park, Jongkwan; Noh, Jae Hoon; Cho, Kyung Hwa; ",Drone-borne sensing of major and accessory pigments in algae using deep learning modeling,GIScience & Remote Sensing,59,1,310-332,2022,Taylor & Francis
"Gupta, Sarthak; Vijarania, Paarth; Gupta, Swati; Vijarania, Meenu; ",Artificial Intelligence in the Current Era: Navigating the Impacts on Society and Wildlife Conservation,AI and Machine Learning Techniques for Wildlife Conservation,,,65-96,2025,IGI Global Scientific Publishing
"Handayani, Titin; Santoso, Arif Dwi; Widyastuti, Netty; Djarot, Ira Nurhayati; Sitomurni, Amita Indah; Rifai, Akhmad; Aziz, Abdul; Apriyanto, Heri; Nadirah, Nadirah; Kusrestuwardhani, Kusrestuwardhani; ",Opportunity of Smart Aquaculture and Eco-Farming Integration in POME Bioremediation and Phycoremediation System for Environmental Sustainability,,,,,2025,Transdiscilinary Research and Education Center for Green Technologies …
"Rehak, Rainer; ",AI narrative breakdown. A critical assessment of power and promise,"Proceedings of the 2025 ACM Conference on Fairness, Accountability, and Transparency",,,1250-1260,2025,
"Shiny, S; Priyadharshini, M; Seles, D Monica; ",Enhancing global microplastic pollution analysis using machine learning: a longitudinal study of seasonal trends and anomaly detection,"Environment, Development and Sustainability",28,1,2553-2568,2026,Springer Netherlands Dordrecht
"Karimi, Ahmadreza; Karimi, Haji; Shamshiri, Sirous; Mousavi, Younes; ","Investigation of Submarine Groundwater Discharges Using Satellite Imagery and Water Balance Studies: A Case Study of the Namak-Kangan Anticline, Persian Gulf Region.",Advanced Applied Geology,15,2,192,2025,
"Gondaliya, Krishna; ",IndoBlue Energy: Hybrid Ocean Power Grid (HOPG) for India,Available at SSRN 5411702,,,,2025,
"Manduca, Gianluca; Santaera, Gaspare; Natoli, Ada; De Masi, Giulia; Stefanini, Cesare; Romano, Donato; ",Underwater Inspection Platform for Vision-Based Biodiversity Identification,2025 IEEE International Workshop on Metrology for the Sea; Learning to Measure Sea Health Parameters (MetroSea),,,45-49,2025,IEEE
"Rajić, Milena; Mančić, Marko; Glumac, Anina; Rossi, Mosè; Rebelo, Carlos; ",Digital twins and AI integration in offshore renewable energy: A Review,IOP Conference Series: Earth and Environmental Science,1552,1,012007,2025,IOP Publishing
"Han, Zongxun; Gao, Xiang; Ren, Yugang; Li, Zhengbao; ",Research Progress on Key Technologies for Deep-Sea Big Data Processing,2025 10th International Conference on Intelligent Computing and Signal Processing (ICSP),,,1123-1132,2025,IEEE
"Aradi, Attila; Takács, Péter; Varga, Attila Károly; ",Applications of machine learning in underwater bioacoustics,,,,,2025,Eszterházy Károly Katolikus Egyetem Líceum Kiadó
"Rouby, Etienne; ",Stranding-Based Demographic Inference in Marine Mammals: Best Practices for Extracting Vital Rates Despite Compound Sampling Bias,,,,,2025,EcoEvoRxiv
"Ashrafi, Aida; Enberg, Katja; Tessem, Bjørnar; ",Interpretable AI for Fisheries Data,Norsk IKT-konferanse for forskning og utdanning,37,2,,2025,
"Bao, Y; Wan, TH; Chen, L; Cheng, JY; Li, LP; ",Research on the coordinated development path of coastal zone ecosystem health assessment and tourism: a case study of Chinese coastal cities.,Applied Ecology & Environmental Research,23,5,10359,2025,
"Öcal, Melda Meral; Yalçın, İlkcan; Tekdal, Dilek; ","Investigation of Changes in Salt and Microalgal Population Status in Çevlik (Samandağ, Hatay), Pompei (Mezitli, Mersin) Coastal Region Marine Water Resources",Black Sea Journal of Engineering and Science,8,5,1268-1272,2025,Karyay Karadeniz Yayımcılık Ve Organizasyon Ticaret Limited Şirketi
"Hussin, Aimi Alina; Razak, Mohd Ibrahim Bin Shapiai; Mohamad, Shaza Eva; Iwamoto, Koji; Kamaroddin, Mohd Farizal; Takemoto, Kazuhiro; ",A Comprehensive Freshwater Microalgae Dataset for Deep Learning-Based Classification with Transfer Learning Analysis,"Shaza Eva and Iwamoto, Koji and Kamaroddin, Mohd Farizal and Takemoto, Kazuhiro, A Comprehensive Freshwater Microalgae Dataset for Deep Learning-Based Classification with Transfer Learning Analysis",,,,2025,
"Caraka, Rezzy Eko; Supardi, Khairunnisa; Gio, Prana Ugiana; Isnaniawardhani, Vijaya; Djatmiko, Bekti; Putri, Rumanintya Lisaria; Lukas, Amos; Chen, Rung Ching; Pardamean, Bens; ",Using Kolmogorov–Arnold network and ResNet for marine protein mapping in support of the Prabowo–Gibran MBG program,Discover Sustainability,6,1,1131,2025,Springer
"Karimi, Ahmadreza; Karimi, Haji; Shamshiri, Sirous; Mousavi, Younes; ",Investigating the existence of submarine springs in the Persian Gulf region using satellite images and water balance studies,Advanced Applied Geology,15,2,192-213,2025,Shahid Chamran University of Ahvaz
"Le Moigne, Jacqueline; Smith, Benjamin D; Rogers, Laura J; Little, Michael M; Ranson, K Jon; Morris, Robert A; Oza, Nikunj C; ",“What Now/What Next/What If” Or NASA Earth System Digital Twins,IEEE Geoscience and Remote Sensing Magazine,,,,2025,IEEE
"SIRAJ, KHAN HEENA KAUSAR; ",The Ethical Use of Artificial Intelligence in Teacher Training and Evaluation,"Multidisciplinary Research Area in Arts, Science & Commerce (Volume-10)",,,13,2025,The Hill Publication
"Ding, Song; Li, Zhipeng; ",Haodong Liu* and Qian Wu,Challenges and Solutions in Forecasting and Decision-Making in Marine Economy and Management,,,47,2025,Frontiers Media SA
"Saw, Jaewon; ","Listening with Light: Distributed Acoustic Sensing for Event Detection, Characterization, and Classification",,,,,2025,"University of California, Berkeley"
"Tuttle Raz, Lillian J; Grabowski, Timothy B; Masse, Richard; ",Analysis and review of fishery-dependent data for Hawaiian nearshore noncommercial fisheries,,,,,2024,
"Meng, Zhuolun; ",Rapid Diagnostic Toolkits for Real-Time Monitoring of Human and Environmental Health,,,,,2025,"Rutgers The State University of New Jersey, School of Graduate Studies"
"Spillias, Scott; Rogers, Jacob GD; Boschetti, Fabio; Fulton, Elizabeth A; Guglielmo, Magda; Yong, Suk Yee; Trebilco, Rowan; ",Data‐driven discovery of mechanistic ecosystem models with LLMs,Methods in Ecology and Evolution,17,4,1303-1321,2026,
"Izuwa, Emmanuel; Asif, Seemal; Webb, Phil; ",Evolution and application of dimensional metrology: a comparative review,International Journal of Computer Integrated Manufacturing,,,1-27,2025,Taylor & Francis
"Bolinski, Ina; ",MULTISPECIES COMMUNITIES Bolinski/Rieger: Eine Lebenswelt von allen und für alle ä Mancini: Animal-Computer Interaction ä Wirman: Spiele für Fremde/mit Fremden ä Aspling/Wang/Juhlin: Plant-Computer Interaction ä Hauser: Zur Rehabilitierung der Bakterien ä Parikka: Insekten und Kanarienvögel ä Szopek ua: Autonome Roboterschwärme als Stabilisatoren gefährdeter,,,,,,
"Hügel, Stefan; Kreowski, Hans-Jörg; Rehak, Rainer; Weichert, Thilo; Lankau, Ralf; Boedicker, Dagmar; Molden, Berthold; zivilgesellschaftlicher Organisationen, Bündnis; Declaration, Uppsala; Leisegang, Daniel; ",Zeitschrift für Informatik und Gesellschaft,,,,,,
"Bilousova, Olga; Krinitskiy, Mikhail; Pogojeva, Maria; Spirina, Viktoriia; Krivoshlyk, Polina; ",A Comparison of Self-Supervised and Supervised Deep Learning Approaches in Floating Marine Litter and Other Types of Sea-Surface Anomalies Detection,Remote Sensing,18,2,241,2026,MDPI
"Minglong, Wang; Feng, Zhu; Hu, Jian; ",A machine learning-driven framework for enhancing underwater visual signal processing in marine ecosystem economic monitoring and anthropogenic impact assessment,Frontiers in Environmental Science,13,,1689855,2025,Frontiers Media SA
"Sorochan, Kevin; Vaswani, Ankita Ravi; Howard, Ann; Rühl, Saskia; O’Grady, Emily; Möller, Klas Ove; Johnson, Catherine L; ",Practical guidance on automated sorting of underwater images in plankton ecology research,ICES Journal of Marine Science,83,1,fsaf212,2026,Oxford University Press
"Chen, Yizi; Barcan, Alexandru S; Zhang, Jiushuang; Li, Jun; He, Lisheng; Wang, Yong; ",In situ swimming behavior of the Mariana snailfish Pseudoliparis swirei,Scientific Reports,,,,2026,Nature Publishing Group UK London
"Mohan, Venkateshwaran; Mahavishnu, VC; Vikhas, SG; Manimegalai, R; Ganesh, Shyam; ",Effective Marine Animal Detection and Rare Species Classification Using Autonomous Drones,2025 Second International Conference on Intelligent Technologies for Sustainable Electric and Communications Systems (iTech SECOM),,,1-7,2025,IEEE
"Salbitani, Giovanna; Siettos, Constantinos; Hassan, Muhammad; ",Explainable Deep Learning for Plankton Classification: Bridging the Gap Between AI and Marine Biology,,,,,,
"SAIRAM, B; ",A Novel Dataset For Non-Reference Evaluation Of Underwater Image Enhancement,"VIDWAN Journal of Science, Technology and Innovation",1,1,,2026,
"Gao, Peiheng; ",Anomaly Detection and Model Construction With the Focus on Natural Language Processing in Consumer Complaint Textual Analysis,,,,,2025,The University of Western Ontario
"Karthiga, B; Avanthitha, A; Dhanusri, R; Deepa, P; Nelci, A Jerita; ",Design and Implementation of an Automated Vision System using YOLO for Identification and Classification of Marine Phytoplankton,2026 9th International Conference on Intelligent Computing and Control Systems (ICICCS),,,1113-1118,2026,IEEE
"Kapoor, Chinmay; Singh, Bhan; Popli, Navneet Kaur; Mamun, Mohammad; ",FUSTT: Forecasting Using Spatio-Temporal Transformers for Predicting Marine Stressors of Blue-Carbon Ecosystems,IEEE Journal of Selected Topics in Applied Earth Observations and Remote Sensing,19,,731-744,2025,IEEE
"Cazzetta, Armando; Zangaro, Francesco; Marcucci, Francesca; Julius, Olumide Temitope; Rainò, Marco; Shauer, Mahallelah; Massaro, Roberto; Semeraro, Teodoro; Basset, Alberto; Pinna, Maurizio; ",Applying artificial intelligence (AI) innovative tools for ecological research and monitoring of transitional water ecosystems: A systematic review,Environments,13,4,193,2026,MDPI
"Gorai, Priyanka; Singh, Anuj; Balamurugan, G; ",Advanced Underwater Object Detection Using AI: Integrating 6G and IoT Technologies for Marine Ecosystem Monitoring,Security Paradigms in 6G Smart Cities and IoT Ecosystems,,,350-359,2025,CRC Press
"Lippi, Vittorio; Johard, Leonard; Landucci, Gabriele; ",Mimo and multi-group comparison problem in process control: A multivariate statistical framework for systems represented with frequency response functions,arXiv preprint arXiv:2609.12904,,,,2026,
"Lundgren, Ian; ",Is coral recruitment limited by sedimentation at War in the Pacific National Historical Park,"…, Places, and Parks: Proceedings of the…",,,,2005,
"Chuang, Cheng‐Han; Chiu, Uei‐Chen; Huang, Chang‐Wen; Chang, Kuan Y; ","Associations of anomalous water temperature, salinity, and pH with change in water color of fish farming ponds",Journal of the World Aquaculture Society,54,6,1563-1574,2023,Wiley Online Library
"Yoder, Noa; ",Autonomous Tracking of Salinity-Intrusion Fronts by a Long-Range Autonomous Underwater Vehicle,IEEE Journal of Oceanic Engineering,,,,,
"Pruseth, Babita; Raut, Subhashree Subhasmita; Panda, Soumya Prasad; Das, Basanta Kumar; ",Machine Learning Application in Aquatic Health Prediction,Bioinformatics Tools for Predictive Ecology and Fisheries,,,31-42,2026,Springer
"Pichler, Maximilian; Hartig, Florian; ",Machine learning and deep learning—A review for ecologists,Methods in Ecology and Evolution,14,4,994-1016,2023,Wiley Online Library
"Sahoo, Maheswata; Nayak, Ananya; Pati, Ankita; Behera, Dibyajyoti Uttameswar; ",Predictive Modelling in Aquatic Ecosystems Using Bioinformatics,Bioinformatics Tools for Predictive Ecology and Fisheries,,,323-339,2026,Springer
"Luin, Jeffrey; ","Talk on"" MS 1314: 2004 Precast Concrete Piles",,,,,2005,
"Dhami, Manpreet; ",Observations of novel invasive ant-scale insect interactions on the threatened vine Tecomanthe speciosa in Auckland,,,,,2012,
"Cao, Xinyu; Tao, Bangyi; Liu, Chunli; Ai, Libo; Li, Changpeng; Li, Shiji; Li, Xiaolong; Zhang, Yize; ",Association of abnormal Yantai-Weihai coastal front with large-scale algal bloom in winter in the northern Shandong Peninsula coastal waters,Progress in Oceanography,,,103622,2025,Elsevier
"Martín-García, Laura; Casas, Enrique; Hernández-Leal, Pedro A; Botelho, Andrea Z; Arbelo, Manuel; ",A Decade of Optical Remote Sensing Applications in Marine Biodiversity and Benthic Habitat Monitoring: A Systematic Review,Remote Sensing,18,12,1917,2026,MDPI
"Kühn, Bernhard; Cayetano, Arjay; Fincham, Jennifer I; Moustahfid, Hassan; Sokolova, Maria; Trifonova, Neda; Watson, Jordan T; Fernandes-Salvador, Jose A; Uusitalo, Laura; ",Machine learning applications for fisheries—at scales from genomics to ecosystems,Reviews in Fisheries Science & Aquaculture,33,2,334-357,2025,Taylor & Francis
"Fancy, C; Metilda Florence, S; Anand, M; Joseph Raymond, V; ",Detection of Ecosystem Changes Using Bioacoustics Techniques,Computational Bioacoustic Artificial Intelligence,,,149-161,2026,Springer
"Green, Arthur; ","Arthur Green,“A Kabbalah for the Environmental Age,” Tikkun, vol. 14, no. 5 (September-October 1999): 33-38",,,,,,
"Bove, Pasquale; Bertini, Andrea; Coro, Gianpaolo; ",Estimating species commonness and prevalence through unsupervised methods,Scientific Reports,16,1,8331,2026,Nature Publishing Group UK London
"Zhang, Qizhong; Zheng, Endi; Wang, Yejian; Gao, Farong; ",Recognition of ocean floor manganese nodules by deep kernel fuzzy C-means clustering of hyperspectral images,Journal of Image and Graphics,26,8,1886-1895,2021,Beijing Zhongke Journal Publising Co. Ltd.
"Dujon, Antoine M; Vittecoq, Marion; Bramwell, Georgina; Thomas, Frédéric; Ujvari, Beata; ",Machine learning is a powerful tool to study the effect of cancer on species and ecosystems,Methods in Ecology and Evolution,12,12,2310-2323,2021,Wiley Online Library
"Yang, Litian; Chen, Wenkun; Mo, Zhuoyue; Gao, Xin; Mo, Minzhi; Xia, Chunlei; Zhang, Liankuan; ",Spectral-YOLOv13: A Dual-Domain Vision-Mamba Sensing Framework for Fine-Grained Coral Health Assessment and Continuous Ecological Forecasting,Sensors,26,10,3265,2026,MDPI
"Ruf, Wolfgang; Auld, Stephen; ",The Critical Role of Monitoring in Offshore Carbon Capture and Storage,Offshore Technology Conference,,,D021S023R003,2026,OTC
"Sarode, Ghanasham Chandrakant; Gholap, Puja; Pathak, Kishor Renukadasrao; Vali, PSN Masthan; Saharkar, Upendrra; Murali, Govindarajan; Kurhade, Anant Sidhappa; ",Edge AI and Explainable Models for Real-Time Decision-Making in Ocean Renewable Energy Systems,Sustainable Marine Structures,,,17–42-17–42,2025,
"Glaser, Marion; ",Human/nature interaction in the anthropocene,,,,,2008,
"LIU, Jiangxun; LIU, Zijun; LIU, Hui; ",A hybrid prediction model based on decomposition algorithm and sample entropy-weighted attention mechanism for mobile robot agricultural environment monitoring,Applied Soft Computing,195,,,2026,Elsevier
"Scarpa, Fabio; ","A complex species complex: The controversial role of ecology and biogeography in the evolutionary history of Syllis gracilis Grube, 1840 (Annelida, Syllidae)",Journal of Zoological Systematics and Evolutionary Research,,,,2019,
"Costa, Ana; ",Benthic diatoms and macroinvertebrates in the assessment of the ecological status of Azorean streams,limnetica,,,,2008,
"Clink, Dena J; Klinck, Holger; ",Unsupervised acoustic classification of individual gibbon females and the implications for passive acoustic monitoring,Methods in Ecology and Evolution,12,2,328-341,2021,Wiley Online Library
"Al-Dawood, Thamer; ",Spatial and Temporal Variations of Marine Benthic In-fauna Community in Bahrain,,,,,,
"Jeniffer, J Thresa; Thatheyus, A Joseph; ",Study of Biodiversity and Ecology Using,Application of Machine Learning in Earth Sciences: A Practical Approach,,,299,2026,Springer Nature
"Kalaivani, T; Baranidharan, T; ",Smart Ecosystem Modelling for Real-Time Coral Reef Deoxygenation Mitigation,2025 International Conference on Emerging Research in Computational Science (ICERCS),,,1-6,2025,IEEE
"Meghana, Meerupelli; Shivakumar, P; Sahitya, Korivi; Sriram, Basaraju; Ranjith, Nelakuditi; Sandeep, Kinnera; ",SMART CORAL CLASSIFICATION FROM REEF IMAGERY USING DEEP CNN TECHNIQUES,Journal of Science Engineering Technology and Management Science ISSN,3049,,0952,,
"Nelli, Filippo; Ge, Zongyuan; Blackall, Linda; Taheriashtiani, Negar; Henry, Rebekah; Brumley, Douglas R; Grace, Michael; Jex, Aaron; Burch, Michael; Lin, Tsair-Fuh; ",Machine learning driven image segmentation and shape clustering of algal microscopic images obtained from various water types,,,,,2024,
"Carballo Pérez, Áurea Genoveva; Magariños-Docampo, Pablo; Orgeira-Crespo, Pedro; Aguado-Agelet, Fernando; ",Weakly Supervised Segmentation of Macroalgae Through Gradient Analysis in Convolutional Neural Networks and Segment Anything Model,Applied Sciences,16,17,8470,2026,MDPI
"Thessen, A; ","Adoption of machine learning techniques in ecology and earth science. One Ecosystem, 1, e8621",,,,,2016,
"Liu, Zhenxia; Zhao, Binru; Du, Pei; Dai, Yanhui; Luo, Wen; Yuan, Linwang; Yu, Zhaoyuan; ",Two critical radii dominate phytoplankton response to marine heatwaves in the South China Sea,Journal of Geophysical Research: Oceans,131,2,e2025JC023657,2026,Wiley Online Library
"Davenport, JOHN; ",OXYGEN MICROENVIRONMENT OF CORALLINE ALGAL TUFTS AND THEIR ASSOCIATED EPIPHYTIC ANIMALS,Biology & Environment: Proceedings of the Royal Irish Academy,,,,2011,
"Tada, Sujilatha; Jeevanantham, V; ",Exploring oceanic depths: unveiling hidden treasures with IoT and ensembled deep hybrid learning model,Scientific Reports,16,1,5333,2026,Nature Publishing Group UK London
"Upadhyay, Arya; ",Biodegradable nanorobots meet edge computing: Sustainable intelligence in the soil,IEEE Potentials,,,,2026,IEEE
"Molinero, Juan Carlos; Ibanez, Frédéric; Souissi, Sami; Buecher, Emmanuelle; Dallot, Serge; Nival, Paul; ",Climate control on the long‐term anomalous changes of zooplankton communities in the Northwestern Mediterranean,Global Change Biology,14,1,11-26,2008,Wiley Online Library
"Phrampus, Benjamin J; Lee, Taylor R; Wood, Warren T; ",A global probabilistic prediction of cold seeps and associated SEAfloor FLuid Expulsion Anomalies (SEAFLEAs),"Geochemistry, Geophysics, Geosystems",21,1,e2019GC008747,2020,Wiley Online Library
"Rikkou-Kalourkoti, Maria; ",Well-defined networks with precisely located cleavable sites: Structure optimization and core functionality determination,Macromolecules,,,,2008,
"Jung, Kwangwoog; Cho, Yang-Ki; Kwak, Myeong-Taek; ",Prediction of the temperature profiles using the generative model and the stacking ensemble method in a marginal sea,Applied Computing and Geosciences,,,100341,2026,Elsevier
"Coma, R; ",Biodiversidad genética de organismos marinos en el Parque Nacional de Cabrera: aplicaciones para la conservación,,,,,2009,
"Shi, Runze; Xie, Mingyang; Liu, Bin; Chen, Xinjun; Yu, Wei; Wang, Jintao; ",Fishery knowledge-guided machine learning for spatial prediction of catch-per-unit-effort,Ecological Indicators,182,,114586,2026,Elsevier
"Shimada, Ichio; Inagaki, Fuyuhiko; Suzuki, Akemi; Bax, Ad; ","Relayed HOHAHA, a useful method for extracting subspectra of individual components of sugar chains",Journal of magnetic resonance,,,,1989,
"Lopez-Vazquez, Vanesa; Geovanny, Satama-Bermeo; Issa, Raheem Hasan; Lopez-Guede, Jose Manuel; ",State of the Art: Analysis of Deep Learning Techniques in Images Acquired in an Aquatic Environment,Machine Learning and Knowledge Extraction,8,5,131,2026,MDPI AG
"Purkis, Sam; ",Coral Bleaching and Mortality in the Chagos Archipelago,Atoll Research Bulletin,,,,,
"Beyan, Cigdem; ","UNIVERSIT YO FEDINBURG H Doctor of Philosophy Institute of Perception, Action and Behaviour School of Informatics",,,,,,
"Pandey, Shivam; Singh, Gajender; Gupta, RK; Dahiya, Tejpal; Reetu; Kumari, Nisha; Sharma, Mayur Mukut Murlidhar; ",Automation’s Role in Sustainable Aquaculture Practices,Sustainability in Aquaculture and Fisheries,,,455-478,2026,Springer
"Du, Yiling; He, Yinghui; Barcan, Alexandru S; Wang, Yunning; Tan, Li; Baltar, Federico; Wang, Yong; ",Omics insights: in situ tools shed light on deep-sea microbial activities,Ocean,,,,2026,清华大学出版社
"Variable-Scale, CNN; Wang, Yazhou; Gao, Yimin Chen Jian; Yu, Yang; Wang, Jiarun; ",A Fault Diagnosis Method for AUVs,Proceedings of 3rd 2023 International Conference on Autonomous Unmanned Systems (3rd ICAUS 2023): Volume V,5,,293,2024,Springer Nature
"Munch, Stephan B; Rogers, Tanya L; Sugihara, George; ",Recent developments in empirical dynamic modelling,Methods in Ecology and Evolution,14,3,732-745,2023,Wiley Online Library
"Banerjee, Puja; ",Machine Learning for Optimized Ocean Exploration Data Analysis,,,,,2025,University of Rhode Island
"Benavides Martínez, Iván Felipe; Portilla-Cabrera, Cristiam Victoriano; Mills, Katherine E; Enterline, Claire; Vargas, Jose; Allyn, Andrew; Ganguly, Auroop R; ",ECOSAIC: A dual Ecologically-Informed Deep Learning Framework for Interpretable and Validatable Habitat Mapping,,,,,2026,
"McComb‐Turbitt, Sarah; Costa, Joana; Whitehead, Hal; Auger‐Méthé, Marie; ","Small‐scale spatial distributions of long‐finned pilot whales change over time, but foraging hot spots are consistent: Significance for marine wildlife tourism management",Marine Mammal Science,37,4,1196-1211,2021,Wiley Online Library
"Sineglazov, Victor; Savchenko, Mykhailo; ",FrYOLO: Fractional-Order Feature Propagation for Object Detection in Forward-Looking Sonar,Journal of Marine Science and Engineering,14,12,1102,2026,MDPI
"Li, Ming; He, Junyu; ",Fractional Processes and Systems in Computer Science and Engineering,Fractal and Fractional,10,3,198,2026,MDPI
"Yang, Gang; Wang, Xuelei; Wang, Junping; Shen, Weiliang; Yang, Hongsheng; Li, Qingfei; Lin, Chenggang; ",An Enhanced Particle Swarm Optimized RBF Model for Precise Fish Population Estimation in Cage Farming,Animals,16,13,2057,2026,MDPI
"Masud, Mohammad M; ",A data mining technique to detect remote exploits,,,,,2000,
"Gambi, Maria Cristina; ",Lifestyle and DNA base composition in polychaetes,Physiological Genomics,,,,2016,
"Ali, Sajid; Waleed, Muhammad; Lee, Daeyong; ","Reliability and sustainability of offshore wind turbine support structures in marine environments: a comprehensive review of failures, monitoring technologies, robotics, and predictive O&M",Frontiers in Marine Science,13,,1887598,2026,Frontiers Media SA
"Guabloche, Angélica; ","Imposex en el caracol marino Xanthochorus buxea (Broderip, 1833)(Muricidae) del Pacífico Sudamericano",The biologist,,,,2020,
"Uddin, Mohammed Sakib; Mitra, Bijoy; Mahmud, Khaled; Rahman, Syed Masiur; Rahman, Muhammad Muhitur; Rahman, Mohammad Shahedur; ",High-Resolution CDOM Mapping in the Bay of Bengal Using Bayesian-Optimized Ensemble ML and Sentinel-3 Imagery,International Conference on Water and Environmental Engineering,,,469-481,2025,Springer
"Chilvers, Louise; ","Variability in the diet of New Zealand sea lion (Phocarctos hookeri) at the Auckland Islands, New Zealand",Marine Mammal…,,,,2009,
"ÖCAL, Melda MERAL; YALÇIN, İlkcan; TEKDAL, Dilek; ",Black Sea Journal of Engineering and Science,,,,,,
"Jamili, S; ",Distribution pattern of coral & non coralline fish larvae,,,,,2010,
"Zabala, Wilmer; ",Genetic variation of 15 STR autosomal loci in the Maracaibo population from Venezuela,Forensic Science International,,,,2006,
"Browman, Howard; ",Distribution and habitat preferences of five species of wrasse (Family Labridae) in a Norwegian fjord,ICES Journal of Marine Science,,,,2014,
"Danquah, Emmanuel; ",Odonata assemblages along an anthropogenic disturbance gradient in Ghana’s Eastern Region,Odonatologica,,,,2018,
"Mugaviri, Blessing; Aliki, Alton; Nyamupingidza, Bianca; Mwedzi, Tongayi; Utete, Beaven; Bere, Taurai; ",Effects of thermal regime variability on adult rainbow trout (Oncorhynchus mykiss) mortality in Afromontane river systems,Environmental Monitoring and Assessment,198,7,692,2026,Springer
"Uusitalo, Laura; ","Date of acceptance Grade Instructors Teemu Roos (University of Helsinki), Allan Tucker (Brunel University) Modelling the Baltic Sea food web with a Dynamic Bayesian Network with hidden variables",,,,,,
"Robin, Ninon; ","Fossil Gastropods (? Aclis aenigmaticus n. sp.) on a fish from the Pesciara of Bolca Lagerstätte (Eocene, Northern Italy): an enigmatic association",,,,,2014,
"Zajaczkowski, Marek; ",Wlodarska-Kowalczyk et al 2013 Do foraminifera mirror diversity,,,,,,
"An, Dong; Huang, Jinze; Wei, Yaoguang; ",A survey of fish behaviour quantification indexes and methods in aquaculture,Reviews in Aquaculture,13,4,2169-2189,2021,Wiley Online Library
"Qureshi, Yasser M; ",Explainable artificial intelligence for analysing mosquito flight behaviour,,,,,2025,University of Warwick
"Brown, Nathaniel R; ",A Framework for Detecting Defects in Sequential Inputs to Modeling and Simulation Using Machine Learning Techniques,,,,,2025,Colorado State University
"Vanreusel, Ann; Arbizu, Pedro Martínez; Yasuhara, Moriaki; ",Marine meiofauna diversity and biogeography—Paradigms and challenges,"New Horizons in Meiobenthos Research: Profiles, Patterns and Potentials",,,121-151,2023,Springer
"Calbet, Albert; ",Resources and Further Reading,The Amateur Plankton Researcher's Practical Guide: How to Study Plankton at Home,,,75-78,2025,Springer
"Jawad, Laith; ","Morphometric and meristic characters of two cichlids, Coptodon zillii and Oreochromis aureus collected from Shatt al-Arab River, Basrah, Iraq",International Journal of Marine Science,,,,2018,
"Jumars, Peter A; Yager, Patricia L; Nowell, Arthur RM; ",Enhanced deposition to pits: a local food source for benthos,Journal of Marine Research,51,1,209-236,1993,
"Fonda, Serena; ",Solidoro et al.-2007-Understanding dynamic of biogeochemical properties,,,,,,
"Flores-de-Santiago, Francisco; Rodríguez-Sobreyra, Ranulfo; Moroyoqui-Rojo, Leonardo; López-Adame, Haydée; Pérez-Ceballos, Rosela; Valderrama-Landeros, Luis; Flores-Verdugo, Francisco; ",Hydrological and environmental drivers of fringe red mangrove (Rhizophora mangle) distribution: implications for rehabilitation strategies in a degraded semiarid coastal lagoon,Wetlands Ecology and Management,34,5,82,2026,Springer
"Nizetic, Marijo; ",Ergodicity of the Communication Management Processes,,,,,,
"Kaljuste, Olavi; ",Increases of opportunistic species in response to ecosystem change: the case of the Baltic Sea three-spined stickleback,ICES Journal of Marine Science,,,,,
"Filder, Mbita; ","Application of seasonal autoregressive moving average models to analysis and forecasting of time series monthly rainfall patterns in Embu County, Kenya",Asian Journal of Probability and Statistics,,,,2019,
"Heijmink, Ida; ",Acoustic Individual Identification of the Common Guillemot (Uria aalge),Master's Theses in Mathematical Sciences,,,,2026,
"Zervoudaki, S; ",Converting copepod vital rates into units appropriate for biogeochemical models,Progress in Oceanography,,,,2010,
"Williams, Richard; Kratina, Pavel; Gaedke, Ursula; Petchey, Owen L; Ward, Colette L; Palamara, Gian Marco; Munch, Stephan B; Novák, Márk; Garland, Joshua; Rall, Björn C; ",The intrinsic predictability of ecological time series and its potential to guide forecasting,,,,,,
"Hu, Bing; Wu, Yi; ",Unlocking causal relationships in commercial banking risk management: an examination of explainable ai integration with multi-factor risk models,Journal of Financial Risk Management,12,03,262-274,2023,
"Gracia, Adolfo; ","Figure 3 from: Ramírez JM, Vázquez-Bader AR, Gracia A (2019) Ichthyofaunal list of the continental slope of the southern Gulf of Mexico. ZooKeys 846: 117-132. https://doi. org/10.3897/zookeys. 846.31944",,,,,,
"Ronström, Owe; ",Heritage history–the Swedish Way,,,,,2013,
"Beukhof, Esther D; Uhlmann, Sven Sebastian; Van Der Reijden, Karin J; Anastasopoulou, Aikaterini; Altuna-Etxabe, Miren; Astarloa, Amaia; Basurko, Oihane C; Binch, Logan; Bluemel, Joanna K; Carbonara, Pierluigi; ",From bycatch to litter: a systematic map of the ecological impacts of fishing in European seas,Reviews in Fish Biology and Fisheries,36,1,9,2026,Springer
"Morgan, Eric J; Lavric, Jost V; Arévalo-Martínez, Damian L; Bange, Hermann W; Steinhoff, Tobias; ","Thomas Seifert1, and Martin Heimann1, 3 1Biogeochemical Systems Department, Max Planck Institute for Biogeochemistry, Jena, Germany 2GEOMAR Helmholtz Centre for Ocean Research, Kiel, Germany 3Institute for Atmospheric and Earth System Research (INAR)/Physics, University of Helsinki, Helsinki, Finland anow at: Scripps Institution of Oceanography, University of California, San Diego, La Jolla, CA, USA",Biogeosciences,16,,4065-4084,2019,
"Costa, Marcilia; Simões-lopes, Paulo; ",Distribution and habitat characteristics of dolphins of the genus Stenella (Cetacea: Delphinidae) in the southwest Atlantic Ocean,,,,,2005,
"Shujun, Li; Ke, Zheng; Ping, Tang; Lianzhi, Huo; Yuan, Yuan; ",Forest burned area detection with time series data based on Stacked ConvLSTM,National Remote Sensing Bulletin,26,10,1976-1987,2022,National Remote Sensing Bulletin
"Mozumder, MD Ariful Islam; ",Empowering Home Security Through Wall Crossing Activity Detection Using Vision Cameras and Convolutional Long Short-Term Architecture,IEEE Sensor,,,,2025,
"Lang, Sarah E; Luis, Kelly MA; Doney, Scott C; Cronin‐Golomb, Olivia; Castorani, Max CN; ",Modeling coastal water clarity using Landsat‐8 and Sentinel‐2,Earth and Space Science,10,7,e2022EA002579,2023,Wiley Online Library
"Sutela, Tapio; Vehanen, Teppo; Jounela, Pekka; ",Longitudinal patterns of fish assemblages in European boreal streams,Hydrobiologia,847,15,3277-3290,2020,Springer
"Veerasingam, S; Vinothini, V; Ranjani, M; Mohammad, Rania Edrees Adam; Suresh, G; Rajendran, S; Sadasivuni, Kishor Kumar; Ghani, Saud; Al-Khayat, Fatima; ","Risk assessment of radionuclides in different environmental matrices in the State of Qatar, Arabian Gulf",Environmental Geochemistry and Health,48,14,582,2026,Springer
"Ciaghi, Stefan; Hittorf, Michaela; Murúa, Pedro; Garvetto, Andrea; Kirchmair, Martín; Harikrishnan, Srilakshmy L; Burns, John A; Gachon, Claire MM; Salvenmoser, Willibald; Neuhauser, Sigrid; ",Phagocytosis underpins the biotrophic lifestyle of intracellular parasites in the class Phytomyxea (Rhizaria),bioRxiv (Cold Spring Harbor Laboratory),,,,2022,
"Lazreg, Houssem Ben; ",""" ISIS: The State of Terror"" by Jessica Stern and JM Berger Review by Houssem Ben Lazreg",,,,,2016,
"de Almeida, José Augusto Costa; ","Moluscos da Formação Romualdo, Aptiano-Albiano, Bacia do Araripe, nordeste do Brasil",Boletim do Museu Paraense Emílio Goeldi-Ciências Naturais,,,,2021,
"Zhao, Yanan; Schlundt, Cathleen; Booge, Dennis; Bange, Hermann W; ",A decade of dissolved sulphur compounds measurements in the southwestern Baltic Sea,,,,,,
"SULIANTA, FERI; ",PENERAPAN METODE APRIORI UNTUK IDENTIFIKASI POLA DATA TRANSAKSI PADA CUSTOMER DI SUPERMARKET,,,,,,
"Rousso, Benny Zuse; Bertone, Edoardo; Stewart, Rodney A; Hughes, Sara P; Hobson, Peter; Hamilton, David P; ",Cyanobacteria species dominance and diversity in three Australian drinking water reservoirs,Hydrobiologia,849,6,1453-1469,2022,Springer
"Zhang, Yuqing; Zhou, Yongzhang; Niu, Lujia; Guo, Yijia; ","A global systematic review of land subsidence drivers, technologies, and future directions from monitoring to intelligence",Discover Geoscience,4,1,239,2026,Springer
"Tiwary, Gyanendra; ",Video based deep CNN model for depression detection,International Journal on Recent and Innovation Trends in Computing and Communication,,,,2022,
"Rattenborg, Niels Christian; McKee, Jennifer L; Pichegru, Lorien; Lerma, Miriam; Nourani, Elham; Santos, Carlos David; Weimerskirch, Henri; Fell, Adam; Grémillet, David; Provost, Pascal; ","Seabird morphology determines operational wind speeds, tolerable maxima and responses to extremes",,,,,,
"Laffitte, Jose M Fedriani; Moreno, Sacramento; Penteriani, Vincenzo; ",Responses of a top and a meso predator and their prey to moon phases,,,,,,
"Melhuish, Chris; ",The BERT2 infrastructure: An integrated system for the study of human-robot interaction,2010 10th IEEE-RAS International Conference on Humanoid Robots,,,,2010,
"Alexander, Michael A; ",Projecting ocean acidification impacts for the Gulf of Maine to 2050,Elementa: Science of the Anthropocene,,,,2021,
"Brown, Nathaniel; Simske, Steven; ",Detecting defects in sequential inputs to digital twins using machine learning,IEEE Open Journal of Systems Engineering,2,,179-189,2024,IEEE
"Beddiar, Djamila Romaissa; Rahimi, Parham; Azmat, Usman; Ivanov, Andrei; Orabe, Zoher; Airola, Antti; Kaisti, Matti; ",Efficient Edge AI Inference: A Literature Review,Available at SSRN 6359018,,,,2026,
"De Francesco, Maria Carla; ",Not just a sandy beach. The multi-service value of Mediterranean coastal dunes,,,,,2019,
"Akoumianaki, Ioanna; ",Organic matter composition of the continental shelf and bathyal sediments of the Cretan Sea (NE Mediterranean,Progress in Oceanography,,,,2000,
"Pronk, Tessa E; Yanagihara, Miina; Houtman, Corine J; Hoondert, Renske PJ; de Baat, Milo L; ",Screening for Chemical Compliance in Water Quality Monitoring with In Vitro Bioassays,Environmental Science & Technology Letters,,,,,ACS Publications
"کریمی; کریمی; حاجی; شمشیری; موسوی; ",بررسی وجود چشمه‌های زیردریایی با به کارگیری تصاویر ماهواره‌ای و مطالعات بیلان آب، مطالعه موردی: تاقدیس نمک-کنگان منطقه خلیج فارس,زمین شناسی کاربردی پیشرفته,15,2,192-213,2025,دانشگاه شهید چمران اهواز
"Megahed, Aly; ",HealthAdvisor: Recommendation System for Wearable Technologies enabling Proactive Health Monitoring,,,,,2016,
"Scharwächter, Erik; ","Event Impact Analysis for Time Series Tests, Measures, and Models Dissertation zur Erlangung des Grades eines Doktors der Naturwissenschaften",Statistics,14,3,1285-1303,2020,
"Mailhol, J; ",Assessment and Modeling the Influence of Nitrogen Input in the Soil on Groundwater Nitrate Pollution: Plain of Upper-Cheliff,Issue 4,,,,2015,
"Berlandi, Raquel Meihoub; Paiva, Paulo Cesar; ","PAIVA, PC; BERLANDI, RM; BRASIL, ACS. Phylum Annelida Class Polychaeta. In: Tâmega, FTS; Spotorno-Oliveira, P. & Figueiredo, MAO (Org.). Catalogue of the benthic marine life from Peregrino oil field, Campos Basin, Brazil. 1eded. Rio de Janeiro: Instituto Biodiversidade Marinha,...",,,,,,
"Neira, Jose Julian Salazar; ","Spatially-Informed Machine Learning for Augmented Subsurface Characterization, Modeling, and Interpretation",,,,,2023,The University of Texas at Austin
"Nguyen, Thi Nga; Phan, Anh Huy; Cao, Van Loi; Hiep, Pham Thanh; ",Reliable pilot search method for enhancing BER performance in underwater acoustic OFDM systems with MMSE estimator,International journal of wireless information networks,31,2,84-95,2024,Springer
"Mohapatra, Avaneesh; ",The implications of Artificial Intelligence (AI) on cybersecurity: A detailed review for multidomain industry,World Journal of Advanced Research and Reviews,,,,2024,
"Araujo, Moacyr; ","Alkalinity, inorganic carbon and CO2 flux variability during extreme rainfall years (2010-2011) in two polluted tropical estuaries NE Brazil",Brazilian Journal of Oceanography,,,,,
"Putri, Riskawati; Hidayani, Mesalina Tri; ",Morphometric characteristic of seagrass Thalassia hemprichii in the waters of Barrang Lompo island and Kodingareng Lompo island,"Akuatikisle: Jurnal Akuakultur, Pesisir dan Pulau-Pulau Kecil",7,1,45-51,2023,Sangia Publishing
"Isaac, Mohan; ",Relevance and methods of training multipurpose health workers in delivery of basic mental health care,Indian journal of psychiatry,,,,1987,
"Wu, Jyun-Nai; ","Investigating Magmatic and Hydrothermal Processes at East Pacific Rise, 9 Degrees 50 Minutes N",,,,,2024,"University of California, San Diego"
"França, Helson; ",Intercom–Sociedade Brasileira de Estudos Interdisciplinares da Comunicação,,,,,,
"Moheimani, Navid; ","Effect of different light spectra on the growth, productivity and composition of microalgae",,,,,2013,
"Toledo, Peter; ","Escamas de tubarões (Pisces: Chondrichthyes) da Formação Pirabas (Eomioceno), Pará, Brasil Shark scales (Pisces: Chondrichthyes) of Pirabas Formation (Eomiocen), Pará, Brazil",,,,,,
"Adasi, Grace Sintim; ",Couples and Roles: Issues of African Women,,,,,2015,
"Muhammad, Shabbir; ","A DFT study on the electronic and redox properties of [X 8 V 14 O 50] n-(X= Si IV, Ge IV, PV, and As V)",Can J Chem,,,,2010,
"Sunuwar, Tula Raj; ",Improving the Healthcare System through Health Technology Assessment A Case Study of Nepal,Value in Health,,,,2025,
"Uusitalo, Laura; Tucker, Allan; Ruotsalainen, Laura; Nicholson, Ann; Rodrigues, Pedro Pereira; Särkkä, Simo; ",Department of Computer Science Series of Publications A Report A-2022-13 Bayesian network modelling of complex systems with sparse data: Ecological case studies,,,,,,
"Organ, Michael; ",Conrad Martens & the Picturesque: Precursor to Australian Impressionism,,,,,1993,
"Shamsul, AB; ",A Multiethnic Perception through the Eyes of Students,International Journal of Information and Education Technology,,,,2014,
"Bader, David A; ",A novel FDTD application featuring OpenMP-MPI hybrid parallelization,"International Conference on Parallel Processing, 2004. ICPP 2004.",,,,2004,
"Pearson, Karl; ","VII. Mathematical contributions to the theory of evolution.—III. Regression, heredity, and panmixia","Philosophical Transactions of the Royal Society of London. Series A, containing papers of a mathematical or physical character",,187,253-318,1896,The Royal Society London
"Dimitrov, Georgi; ",The Adventures of the CVM in Bulgaria and Romania,,,,,2016,
"Osial, Magdalena; ",From Mirrors to Free-Space Optical Communication—Historical Aspects in Data Transmission,Future Internet,,,,,
"Cross, Liam; ",Walking in My Shoes: Imagined Synchrony Improves Attitudes Towards Out-groups,Psychological Studies,,,,,
"DeVries, Dennis; ",Is density-dependent growth in young-of-the-year fishes a question of critical weight?,,,,,2000,
"Chitarra, Walter; ",Putative new plant viruses associated with Plasmopara viticola‐infected grapevine samples,Annals of Applied Biology,,,,,
"HAMZA, ALI; ",Fatty and amino acids composition of Bactrocera zonata as affected by substerilizing and sterilizing doses of gamma radiation,Journal of entomology and zoology studies,,,,2016,
"Eggen, Trine; ",Testprogram for overskudds-og restmasser som planlegges brukt til tildekking av forurensede sedimenter,,,,,2006,
"DJI, Innocent AD É D É; ",DYNAMIQUE D'OFFRE DE FOURRAGES RELATIVE A L'ENVIRONNEMENT: FACTEURS EXPLICATIFS SUR LES MARCHES DU BENIN ET DU BURKINA FASO,,,,,,
"Jahanmir, Sara; ",Nova School of Business and Economics Universidade Nova de Lisboa THREE ESSAYS ON ENTREPRENEURSHIP AND INNOVATION: THE ROLE OF LATE ADOPTERS,,,,,2016,
"Rodrigues, Cristina Udelsmann; ",Organization and representation of informal workers in São Tomé and Príncipe: state agency and sectoral informal alternatives,African Studies Quarterly,,,,2017,
"Lebedev, Mikhail; ",BRAIN-MACHINE INTERFACE,Computational Intelligence-Volume II,,,308,2015,EOLSS Publications
"Quinton, Paul; ","Police stops, decision-making and practice",Police Research Series Paper,,,,2000,
"Yentsch, Anne E; ","Marine and estuarine environments, organisms, and geology of the Cape Cod region; an indexed bibliography, 1665-1965 [by] Anne E. Yentsch [and others.",,,,,1966,
